<beans xmlns="http://www.springframework.org/schema/beans"
	xmlns:xsi="http://www.w3.org/2001/XMLSchema-instance"
	xmlns:p="http://www.springframework.org/schema/p"
	xmlns:aop="http://www.springframework.org/schema/aop"
	xmlns:context="http://www.springframework.org/schema/context"
	xmlns:jee="http://www.springframework.org/schema/jee"
	xmlns:tx="http://www.springframework.org/schema/tx"
	xmlns:task="http://www.springframework.org/schema/task"
	xsi:schemaLocation="http://www.springframework.org/schema/aop http://www.springframework.org/schema/aop/spring-aop-3.2.xsd http://www.springframework.org/schema/beans http://www.springframework.org/schema/beans/spring-beans-3.2.xsd http://www.springframework.org/schema/context http://www.springframework.org/schema/context/spring-context-3.2.xsd http://www.springframework.org/schema/jee http://www.springframework.org/schema/jee/spring-jee-3.2.xsd http://www.springframework.org/schema/tx http://www.springframework.org/schema/tx/spring-tx-3.2.xsd http://www.springframework.org/schema/task http://www.springframework.org/schema/task/spring-task-3.2.xsd">


	<context:component-scan	base-package="com.ust.java.spring" />


	<!-- <bean id="singer1" class="com.ust.java.spring.Singer"> <constructor-arg 
		value="Amrutha"></constructor-arg> </bean> Creating the bean ids for the 
		classes <bean id="saxophone" class="com.ust.java.spring.Saxophone" /> <bean 
		id="flue" class="com.ust.java.spring.Flue" /> <bean id="guitar" class="com.ust.java.spring.Guitar" 
		/> <bean id="saxophone" class="com.ust.java.spring.Instrumentalist" /> <bean 
		id="flue" class="com.ust.java.spring.Instrumentalist" /> <bean id="guitar" 
		class="com.ust.java.spring.Instrumentalist" /> <bean id="onemanband" class="com.ust.java.spring.OneManBand"> 
		<property name="instruments"> <list> <ref bean="saxophone" /> <ref bean="flue" 
		/> <ref bean="guitar" /> </list> </property> </bean> -->




</beans>